Ticker,low,high,swing_pct
STRK,60.0,83.0,38.333333333333336
MAPB,1000.0,1335.0,33.5
ARII,420.0,555.0,32.142857142857146
PCAR,79.0,104.0,31.645569620253166
SEMA,352.0,454.0,28.97727272727273
TCPI,1265.0,1625.0,28.458498023715418
TFCO,805.0,1030.0,27.95031055900621
SOSS,960.0,1200.0,25.0
BIKE,1715.0,2140.0,24.78134110787172
AHAP,72.16666412353516,90.0,24.711320792017872
MBSS,3720.0,4600.0,23.655913978494624
TEBE,2300.0,2800.0,21.73913043478261
SAFE,905.0,1100.0,21.54696132596685
MCAS,262.0,318.0,21.374045801526716
NAYZ,95.0,115.0,21.052631578947366
FORU,140.0,168.0,20.0
POLA,105.0,126.0,20.0
LIFE,9050.0,10850.0,19.88950276243094
TRIN,204.0,244.0,19.607843137254903
TRUE,52.0,62.0,19.230769230769234
ALII,680.0,810.0,19.11764705882353
ESTI,159.0,189.0,18.867924528301888
MEJA,135.0,160.0,18.51851851851852
DAAZ,2060.0,2440.0,18.446601941747574
MPXL,280.0,330.0,17.857142857142858
LEAD,90.0,106.0,17.77777777777778
KDTN,472.0,555.0,17.584745762711865
AKKU,69.0,81.0,17.391304347826086
IFSH,1960.0,2300.0,17.346938775510203
FWCT,77.0,90.0,16.883116883116884
KREN,18.0,21.0,16.666666666666664
NASA,43.0,50.0,16.27906976744186
WIDI,31.0,36.0,16.129032258064516
BEKS,31.0,36.0,16.129032258064516
SMMT,3440.0,3990.0,15.988372093023257
BTEK,13.0,15.0,15.384615384615385
BRRC,52.0,60.0,15.384615384615385
DOOH,270.0,310.0,14.814814814814813
ALKA,7100.0,8150.0,14.788732394366196
PEVE,360.0,412.0,14.444444444444443
BABP,28.0,32.0,14.285714285714285
ASMI,36.0,41.0,13.88888888888889
NICK,2530.0,2880.0,13.83399209486166
KKES,75.0,85.0,13.333333333333334
DKHH,75.0,85.0,13.333333333333334
ASPR,144.0,163.0,13.194444444444445
WAPO,274.0,310.0,13.138686131386862
IKAI,23.0,26.0,13.043478260869565
PAMG,46.0,52.0,13.043478260869565
PBSA,775.0,875.0,12.903225806451612
MITI,314.0,354.0,12.738853503184714
BLUE,3580.0,4030.0,12.569832402234638
PACK,434.0,488.0,12.442396313364055
PTSN,374.0,420.0,12.299465240641712
LPGI,610.0,685.0,12.295081967213115
GUNA,212.0,238.0,12.264150943396226
SINI,14325.0,16075.0,12.216404886561955
PURA,41.0,46.0,12.195121951219512
BLTA,41.0,46.0,12.195121951219512
BLTZ,3570.0,4000.0,12.044817927170868
SHIP,2420.0,2710.0,11.983471074380166
BEER,59.0,66.0,11.864406779661017
HELI,306.0,342.0,11.76470588235294
DOID,206.0,230.0,11.650485436893204
IDEA,192.0,214.0,11.458333333333332
AMMS,210.0,234.0,11.428571428571429
PLAN,71.0,79.0,11.267605633802818
INCI,960.0,1065.0,10.9375
LOPI,55.0,61.0,10.909090909090908
IATA,101.0,112.0,10.891089108910892
ACST,74.0,82.0,10.81081081081081
WMUU,28.0,31.0,10.714285714285714
LUCY,170.0,188.0,10.588235294117647
KETR,805.0,890.0,10.559006211180124
SONA,2970.0,3280.0,10.437710437710438
UDNG,462.0,510.0,10.38961038961039
TARA,39.0,43.0,10.256410256410255
BAIK,216.0,238.0,10.185185185185185
MGLV,12175.0,13400.0,10.061601642710473
